id;title;description;is_read;create_time
1;Rustic Throughway;1080p;true;2025-05-15T05:09:58
2;generate purple program;copying Wooden;true;2025-05-14T13:27:35
3;payment;payment District;true;2025-05-14T17:11:34
4;Administrator Forges;Strategist;false;2025-05-15T04:55:31
5;asymmetric Interface withdrawal;Salad;true;2025-05-14T21:14:13
6;Health parallelism;Health technologies;false;2025-05-15T07:19:03
7;multi-byte Specialist;generate auxiliary Sports;false;2025-05-15T11:42:22
8;workforce;system;false;2025-05-14T16:28:05
9;mobile Skyway bluetooth;Myanmar architectures bandwidth;false;2025-05-15T01:51:02
10;payment;Investor Global architectures;false;2025-05-14T19:00:25
